{"cameraMode":{"drawMode":0,"name":"Shaded","section":"Shading Mode"},"sceneLighting":true,"audioPlay":false,"sceneViewState":{"m_AlwaysRefresh":false,"showFog":true,"showSkybox":true,"showFlares":true,"showImageEffects":true,"showParticleSystems":true,"showVisualEffectGraphs":true,"m_FxEnabled":true},"in2DMode":false,"pivot":{"x":-18.588024139404298,"y":-1.5425846576690674,"z":14.221441268920899},"rotation":{"x":0.04523323103785515,"y":-0.460650235414505,"z":0.023510882630944253,"w":0.8861263394355774},"size":31.043941497802736,"orthographic":false}